{
	"textures": {
		"0": "ssbrc:blueprint/booth/clone_ridley/texture",
		"particle": "minecraft:item/pufferfish"
	},
	"display": {
		"head": {
			"rotation": [0, 180, 0]
		}
	},
	"elements": [
		{
			"from": [6.025, 6.69977, 2.22303],
			"to": [9.975, 7.99977, 6.37303],
			"rotation": {
				"x": 0,
				"y": 0,
				"z": 0,
				"origin": [8, 7.94977, 5.89803]
			},
			"faces": {
				"north": {
					"uv": [1.75, 7.0625, 1.9375, 7.125],
					"texture": "#0"
				},
				"east": {
					"uv": [1.5, 7.0625, 1.75, 7.125],
					"texture": "#0"
				},
				"south": {
					"uv": [2.1875, 7.0625, 2.375, 7.125],
					"texture": "#0"
				},
				"west": {
					"uv": [1.9375, 7.0625, 2.1875, 7.125],
					"texture": "#0"
				},
				"up": {
					"uv": [1.9375, 7.0625, 1.75, 6.8125],
					"texture": "#0"
				},
				"down": {
					"uv": [2.125, 6.8125, 1.9375, 7.0625],
					"texture": "#0"
				}
			}
		},
		{
			"from": [6.575, 6.79977, -1.87697],
			"to": [9.425, 7.89977, 2.27303],
			"rotation": {
				"x": 0,
				"y": 0,
				"z": 0,
				"origin": [8, 7.94977, 5.89803]
			},
			"faces": {
				"north": {
					"uv": [2, 2.4375, 2.125, 2.5],
					"texture": "#0"
				},
				"east": {
					"uv": [1.75, 2.4375, 2, 2.5],
					"texture": "#0"
				},
				"south": {
					"uv": [2.375, 2.4375, 2.5, 2.5],
					"texture": "#0"
				},
				"west": {
					"uv": [2.125, 2.4375, 2.375, 2.5],
					"texture": "#0"
				},
				"up": {
					"uv": [2.125, 2.4375, 2, 2.1875],
					"texture": "#0"
				},
				"down": {
					"uv": [2.25, 2.1875, 2.125, 2.4375],
					"texture": "#0"
				}
			}
		},
		{
			"from": [7.125, 6.79977, -4.77697],
			"to": [8.875, 7.89977, -1.82697],
			"rotation": {
				"x": 0,
				"y": 0,
				"z": 0,
				"origin": [8, 7.94977, 5.89803]
			},
			"faces": {
				"north": {
					"uv": [3.625, 4.875, 3.6875, 4.9375],
					"texture": "#0"
				},
				"east": {
					"uv": [3.5, 4.875, 3.625, 4.9375],
					"texture": "#0"
				},
				"south": {
					"uv": [3.8125, 4.875, 3.875, 4.9375],
					"texture": "#0"
				},
				"west": {
					"uv": [3.6875, 4.875, 3.8125, 4.9375],
					"texture": "#0"
				},
				"up": {
					"uv": [3.6875, 4.875, 3.625, 4.75],
					"texture": "#0"
				},
				"down": {
					"uv": [3.75, 4.75, 3.6875, 4.875],
					"texture": "#0"
				}
			}
		},
		{
			"from": [9.825, 7.29977, 2.27303],
			"to": [9.825, 8.59977, 6.32303],
			"rotation": {
				"x": 0,
				"y": 0,
				"z": 0,
				"origin": [8, 8.54977, 5.99803]
			},
			"faces": {
				"north": {
					"uv": [0.25, 7.375, 0.25, 7.4375],
					"texture": "#0"
				},
				"east": {
					"uv": [0, 7.375, 0.25, 7.4375],
					"texture": "#0"
				},
				"south": {
					"uv": [0.5, 7.375, 0.5, 7.4375],
					"texture": "#0"
				},
				"west": {
					"uv": [0.25, 7.375, 0.5, 7.4375],
					"texture": "#0"
				},
				"up": {
					"uv": [0.25, 7.375, 0.25, 7.125],
					"texture": "#0"
				},
				"down": {
					"uv": [0.25, 7.125, 0.25, 7.375],
					"texture": "#0"
				}
			}
		},
		{
			"from": [6.175, 7.29977, 2.27303],
			"to": [6.175, 8.59977, 6.32303],
			"rotation": {
				"x": 0,
				"y": 0,
				"z": 0,
				"origin": [8, 8.54977, 5.99803]
			},
			"faces": {
				"north": {
					"uv": [0.25, 7.375, 0.25, 7.4375],
					"texture": "#0"
				},
				"east": {
					"uv": [0.5, 7.375, 0.25, 7.4375],
					"texture": "#0"
				},
				"south": {
					"uv": [0.5, 7.375, 0.5, 7.4375],
					"texture": "#0"
				},
				"west": {
					"uv": [0.25, 7.375, 0, 7.4375],
					"texture": "#0"
				},
				"up": {
					"uv": [0.25, 7.375, 0.25, 7.125],
					"texture": "#0"
				},
				"down": {
					"uv": [0.25, 7.125, 0.25, 7.375],
					"texture": "#0"
				}
			}
		},
		{
			"from": [9.275, 7.39977, -1.77697],
			"to": [9.275, 8.49977, 2.32303],
			"rotation": {
				"x": 0,
				"y": 0,
				"z": 0,
				"origin": [8, 8.54977, 5.99803]
			},
			"faces": {
				"north": {
					"uv": [0.25, 7.6875, 0.25, 7.75],
					"texture": "#0"
				},
				"east": {
					"uv": [0, 7.6875, 0.25, 7.75],
					"texture": "#0"
				},
				"south": {
					"uv": [0.5, 7.6875, 0.5, 7.75],
					"texture": "#0"
				},
				"west": {
					"uv": [0.25, 7.6875, 0.5, 7.75],
					"texture": "#0"
				},
				"up": {
					"uv": [0.25, 7.6875, 0.25, 7.4375],
					"texture": "#0"
				},
				"down": {
					"uv": [0.25, 7.4375, 0.25, 7.6875],
					"texture": "#0"
				}
			}
		},
		{
			"from": [6.725, 7.39977, -1.77697],
			"to": [6.725, 8.49977, 2.32303],
			"rotation": {
				"x": 0,
				"y": 0,
				"z": 0,
				"origin": [8, 8.54977, 5.99803]
			},
			"faces": {
				"north": {
					"uv": [0.25, 7.6875, 0.25, 7.75],
					"texture": "#0"
				},
				"east": {
					"uv": [0.5, 7.6875, 0.25, 7.75],
					"texture": "#0"
				},
				"south": {
					"uv": [0.5, 7.6875, 0.5, 7.75],
					"texture": "#0"
				},
				"west": {
					"uv": [0.25, 7.6875, 0, 7.75],
					"texture": "#0"
				},
				"up": {
					"uv": [0.25, 7.6875, 0.25, 7.4375],
					"texture": "#0"
				},
				"down": {
					"uv": [0.25, 7.4375, 0.25, 7.6875],
					"texture": "#0"
				}
			}
		},
		{
			"from": [8.725, 7.39977, -4.62697],
			"to": [8.725, 8.49977, -1.87697],
			"rotation": {
				"x": 0,
				"y": 0,
				"z": 0,
				"origin": [8, 8.54977, 5.89803]
			},
			"faces": {
				"north": {
					"uv": [0.6875, 7.5625, 0.6875, 7.625],
					"texture": "#0"
				},
				"east": {
					"uv": [0.5625, 7.5625, 0.6875, 7.625],
					"texture": "#0"
				},
				"south": {
					"uv": [0.8125, 7.5625, 0.8125, 7.625],
					"texture": "#0"
				},
				"west": {
					"uv": [0.6875, 7.5625, 0.8125, 7.625],
					"texture": "#0"
				},
				"up": {
					"uv": [0.6875, 7.5625, 0.6875, 7.4375],
					"texture": "#0"
				},
				"down": {
					"uv": [0.6875, 7.4375, 0.6875, 7.5625],
					"texture": "#0"
				}
			}
		},
		{
			"from": [7.275, 7.39977, -4.62697],
			"to": [7.275, 8.49977, -1.87697],
			"rotation": {
				"x": 0,
				"y": 0,
				"z": 0,
				"origin": [8, 8.54977, 5.89803]
			},
			"faces": {
				"north": {
					"uv": [0.6875, 7.5625, 0.6875, 7.625],
					"texture": "#0"
				},
				"east": {
					"uv": [0.8125, 7.5625, 0.6875, 7.625],
					"texture": "#0"
				},
				"south": {
					"uv": [0.8125, 7.5625, 0.8125, 7.625],
					"texture": "#0"
				},
				"west": {
					"uv": [0.6875, 7.5625, 0.5625, 7.625],
					"texture": "#0"
				},
				"up": {
					"uv": [0.6875, 7.5625, 0.6875, 7.4375],
					"texture": "#0"
				},
				"down": {
					"uv": [0.6875, 7.4375, 0.6875, 7.5625],
					"texture": "#0"
				}
			}
		}
	]
}
